{
  "artifact_dir": "/Users/alpozbay/Documents/Work/TriageSoftware/ml/outputs/quick_train/best_model",
  "model_name": "distilbert-base-uncased",
  "num_labels": 4,
  "label2id": {
    "low": 0,
    "medium": 1,
    "high": 2,
    "imminent": 3
  },
  "id2label": {
    "0": "low",
    "1": "medium",
    "2": "high",
    "3": "imminent"
  },
  "max_seq_length": 128,
  "created_at": "2025-11-30T05:19:21.076422",
  "training_config_hash": null,
  "best_metric": 1.0,
  "best_metric_name": "f1_macro",
  "disclaimer": "RESEARCH/SIMULATION ONLY. This model is NOT a medical device and NOT suitable for real-world crisis intervention."
}